seqName	clade	Nextclade_pango	partiallyAliased	clade_nextstrain	clade_who	clade_legacy	qc.overallScore	qc.overallStatus	totalSubstitutions	totalDeletions	totalInsertions	totalFrameShifts	totalAminoacidSubstitutions	totalAminoacidDeletions	totalAminoacidInsertions	totalMissing	totalNonACGTNs	totalPcrPrimerChanges	substitutions	deletions	insertions	privateNucMutations.reversionSubstitutions	privateNucMutations.labeledSubstitutions	privateNucMutations.unlabeledSubstitutions	privateNucMutations.totalReversionSubstitutions	privateNucMutations.totalLabeledSubstitutions	privateNucMutations.totalUnlabeledSubstitutions	privateNucMutations.totalPrivateSubstitutions	frameShifts	aaSubstitutions	aaDeletions	aaInsertions	missing	nonACGTNs	pcrPrimerChanges	alignmentScore	alignmentStart	alignmentEnd	coverage	qc.missingData.missingDataThreshold	qc.missingData.score	qc.missingData.status	qc.missingData.totalMissing	qc.mixedSites.mixedSitesThreshold	qc.mixedSites.score	qc.mixedSites.status	qc.mixedSites.totalMixedSites	qc.privateMutations.cutoff	qc.privateMutations.excess	qc.privateMutations.score	qc.privateMutations.status	qc.privateMutations.total	qc.snpClusters.clusteredSNPs	qc.snpClusters.score	qc.snpClusters.status	qc.snpClusters.totalSNPs	qc.frameShifts.frameShifts	qc.frameShifts.totalFrameShifts	qc.frameShifts.frameShiftsIgnored	qc.frameShifts.totalFrameShiftsIgnored	qc.frameShifts.score	qc.frameShifts.status	qc.stopCodons.stopCodons	qc.stopCodons.totalStopCodons	qc.stopCodons.score	qc.stopCodons.status	isReverseComplement	failedGenes	warnings	errors
COVID_1335_L1_MN908947.3	22F (Omicron)	XBB.1	XBB.1	22F	Omicron	22F (Omicron)	4	good	87	56	0	0	64	13	0	131	2	7	C241T,A405G,T670G,C2790T,C3037T,G4184A,C4321T,C9344T,A9424G,C9534T,C9866T,C10029T,C10198T,G10447A,C10449A,C12880T,C14408T,G15451A,C15714T,C15738T,T15939C,T16342C,C17410T,T17859C,A18163G,A19326G,C19955T,A20055G,C21618T,T21810C,G21987A,C22000A,C22109G,T22200A,G22317T,G22577C,G22578A,G22599C,C22664A,C22674T,T22679C,C22686T,A22688G,G22775A,A22786C,T22882G,G22895C,T22896C,G22898A,T22942G,G22992A,C22995A,A23013C,T23019C,T23031C,A23055G,A23063T,T23075C,A23403G,C23525T,T23599G,C23604A,C23854A,G23948T,A24424T,T24469A,C25000T,C25416T,C25584T,C26060T,C26270T,A26275G,C26577G,G26709A,C26858T,A27259C,G27382C,A27383T,T27384C,C27807T,G27915T,A28271T,C28311T,G28881A,G28882A,G28883C,A29510C	11288-11296,21633-21641,21992-21994,28362-28370,29734-29759		T22813G			1	0	0	1		E:T9I,E:T11A,M:Q19E,M:A63T,N:P13L,N:R203K,N:G204R,N:S413R,ORF1a:K47R,ORF1a:S135R,ORF1a:T842I,ORF1a:G1307S,ORF1a:L3027F,ORF1a:T3090I,ORF1a:L3201F,ORF1a:T3255I,ORF1a:P3395H,ORF1b:P314L,ORF1b:G662S,ORF1b:S959P,ORF1b:R1315C,ORF1b:I1566V,ORF1b:T2163I,ORF3a:T223I,ORF6:D61L,ORF8:G8*,ORF9b:P10S,S:T19I,S:A27S,S:V83A,S:G142D,S:H146Q,S:Q183E,S:V213E,S:G252V,S:G339H,S:R346T,S:L368I,S:S371F,S:S373P,S:S375F,S:T376A,S:D405N,S:R408S,S:N440K,S:V445P,S:G446S,S:N460K,S:S477N,S:T478K,S:E484A,S:F486S,S:F490S,S:Q498R,S:N501Y,S:Y505H,S:D614G,S:H655Y,S:N679K,S:P681H,S:N764K,S:D796Y,S:Q954H,S:N969K	N:E31-,N:R32-,N:S33-,ORF1a:S3675-,ORF1a:G3676-,ORF1a:F3677-,ORF9b:E27-,ORF9b:N28-,ORF9b:A29-,S:L24-,S:P25-,S:P26-,S:Y144-		40-54,27989-28104	Y:4623,K:22813	Charité_RdRp_F:G15451A,Charité_E_F:C26270T;A26275G,ChinaCDC_N_F:G28881A;G28882A;G28883C,USCDC_N1_P:C28311T	88840	39	29836	0.992007490887202	3000	0	good	131	10	20	good	2	24	-2	0	good	6		0	good	0		0		0	0	good		0	0	good	false			
COVID_1341_L1_MN908947.3	22F (Omicron)	XBB.1	XBB.1	22F	Omicron	22F (Omicron)	1.448903	good	85	56	0	0	59	13	0	625	0	7	C241T,C335T,A405G,T670G,T1582A,C2790T,C3037T,G4184A,C4321T,C9344T,A9424G,C9534T,C9866T,C10029T,C10198T,G10447A,C10449A,C12880T,C14408T,G15451A,C15714T,C15738T,T15939C,T16342C,C17410T,T17859C,A18163G,A19326G,C19366T,C19955T,A20055G,C21618T,T21810C,G21987A,C22000A,C22109G,T22200A,G22317T,G22577C,G22578A,G22599C,T22882G,G22895C,T22896C,G22898A,T22942G,G22992A,C22995A,A23013C,T23019C,T23031C,A23055G,A23063T,T23075C,A23403G,A23416T,C23525T,T23599G,C23604A,C23854A,G23948T,A24424T,T24469A,C25000T,C25416T,C25584T,C26060T,C26270T,A26275G,C26577G,G26709A,C26858T,A27259C,G27382C,A27383T,T27384C,C27807T,G27915T,G28180A,A28271T,C28311T,G28881A,G28882A,G28883C,A29510C	11288-11296,21633-21641,21992-21994,28362-28370,29734-29759				C335T,T1582A,C19366T,A23416T,G28180A	0	0	5	5		E:T9I,E:T11A,M:Q19E,M:A63T,N:P13L,N:R203K,N:G204R,N:S413R,ORF1a:R24C,ORF1a:K47R,ORF1a:S135R,ORF1a:T842I,ORF1a:G1307S,ORF1a:L3027F,ORF1a:T3090I,ORF1a:L3201F,ORF1a:T3255I,ORF1a:P3395H,ORF1b:P314L,ORF1b:G662S,ORF1b:S959P,ORF1b:R1315C,ORF1b:I1566V,ORF1b:P1967S,ORF1b:T2163I,ORF3a:T223I,ORF6:D61L,ORF8:G8*,ORF8:G96D,ORF9b:P10S,S:T19I,S:A27S,S:V83A,S:G142D,S:H146Q,S:Q183E,S:V213E,S:G252V,S:G339H,S:R346T,S:V445P,S:G446S,S:N460K,S:S477N,S:T478K,S:E484A,S:F486S,S:F490S,S:Q498R,S:N501Y,S:Y505H,S:D614G,S:H655Y,S:N679K,S:P681H,S:N764K,S:D796Y,S:Q954H,S:N969K	N:E31-,N:R32-,N:S33-,ORF1a:S3675-,ORF1a:G3676-,ORF1a:F3677-,ORF9b:E27-,ORF9b:N28-,ORF9b:A29-,S:L24-,S:P25-,S:P26-,S:Y144-		3-5,4429-4525,4629-4658,21147-21386,22627-22881		Charité_RdRp_F:G15451A,Charité_E_F:C26270T;A26275G,ChinaCDC_N_F:G28881A;G28882A;G28883C,USCDC_N1_P:C28311T	88959	2	29836	0.976791626258235	3000	12.037037	good	625	10	0	good	0	24	-3	0	good	5		0	good	0		0		0	0	good		0	0	good	false			
COVID_1340_L1_MN908947.3	22F (Omicron)	XBB.1	XBB.1	22F	Omicron	22F (Omicron)	6.777778	good	86	56	0	0	63	13	0	18	2	7	C241T,A405G,T670G,C2790T,C3037T,G4184A,C4321T,C9344T,A9424G,C9534T,C9866T,C10029T,C10198T,G10447A,C10449A,C12880T,C14408T,G15451A,C15714T,C15738T,T15939C,T16342C,C17410T,T17859C,A18163G,A19326G,C19955T,A20055G,C21618T,T21810C,C22000A,C22109G,T22200A,G22317T,G22577C,G22578A,G22599C,C22664A,C22674T,T22679C,C22686T,A22688G,G22775A,A22786C,T22882G,G22895C,T22896C,G22898A,T22942G,G22992A,C22995A,A23013C,T23019C,T23031C,A23055G,A23063T,T23075C,A23403G,C23525T,T23599G,C23604A,C23854A,G23948T,A24424T,T24469A,C25000T,C25416T,C25584T,C26060T,C26270T,A26275G,C26577G,G26709A,C26858T,A27259C,G27382C,A27383T,T27384C,C27807T,G27915T,A28271T,C28311T,G28881A,G28882A,G28883C,A29510C	11288-11296,21633-21641,21992-21994,28362-28370,29734-29759		A21987G,T22813G			2	0	0	2		E:T9I,E:T11A,M:Q19E,M:A63T,N:P13L,N:R203K,N:G204R,N:S413R,ORF1a:K47R,ORF1a:S135R,ORF1a:T842I,ORF1a:G1307S,ORF1a:L3027F,ORF1a:T3090I,ORF1a:L3201F,ORF1a:T3255I,ORF1a:P3395H,ORF1b:P314L,ORF1b:G662S,ORF1b:S959P,ORF1b:R1315C,ORF1b:I1566V,ORF1b:T2163I,ORF3a:T223I,ORF6:D61L,ORF8:G8*,ORF9b:P10S,S:T19I,S:A27S,S:V83A,S:H146Q,S:Q183E,S:V213E,S:G252V,S:G339H,S:R346T,S:L368I,S:S371F,S:S373P,S:S375F,S:T376A,S:D405N,S:R408S,S:N440K,S:V445P,S:G446S,S:N460K,S:S477N,S:T478K,S:E484A,S:F486S,S:F490S,S:Q498R,S:N501Y,S:Y505H,S:D614G,S:H655Y,S:N679K,S:P681H,S:N764K,S:D796Y,S:Q954H,S:N969K	N:E31-,N:R32-,N:S33-,ORF1a:S3675-,ORF1a:G3676-,ORF1a:F3677-,ORF9b:E27-,ORF9b:N28-,ORF9b:A29-,S:L24-,S:P25-,S:P26-,S:Y144-		2-4,29837-29851	R:21987,K:22813	Charité_RdRp_F:G15451A,Charité_E_F:C26270T;A26275G,ChinaCDC_N_F:G28881A;G28882A;G28883C,USCDC_N1_P:C28311T	89003	1	29851	0.9975587733672208	3000	0	good	18	10	20	good	2	24	4	16.666667	good	12		0	good	0		0		0	0	good		0	0	good	false			
COVID_1333_L1_MN908947.3	22F (Omicron)	XBB.1	XBB.1	22F	Omicron	22F (Omicron)	1	good	89	56	0	0	64	13	0	27	1	7	C241T,C355T,A405G,T670G,C2790T,C3037T,A3394G,G4184A,C4321T,C9344T,A9424G,C9534T,C9866T,C10029T,C10198T,G10447A,C10449A,C12880T,C14408T,G15451A,C15714T,C15738T,T15939C,T16342C,C17410T,T17859C,A18163G,A19326G,C19955T,A20055G,C21618T,T21810C,G21987A,C22000A,C22109G,T22200A,G22317T,G22577C,G22578A,G22599C,C22664A,C22674T,T22679C,C22686T,A22688G,G22775A,A22786C,T22882G,G22895C,T22896C,G22898A,T22942G,G22992A,C22995A,A23013C,T23019C,T23031C,A23055G,A23063T,T23075C,A23403G,C23525T,T23599G,C23604A,C23854A,G23948T,A24424T,T24469A,C25000T,C25416T,C25584T,C26060T,C26270T,A26275G,C26577G,G26709A,C26858T,A27259C,G27382C,A27383T,T27384C,C27807T,G27915T,A28271T,C28311T,G28881A,G28882A,G28883C,A29510C	11288-11296,21633-21641,21992-21994,28362-28370,29734-29759		T22813G		C355T,A3394G	1	0	2	3		E:T9I,E:T11A,M:Q19E,M:A63T,N:P13L,N:R203K,N:G204R,N:S413R,ORF1a:K47R,ORF1a:S135R,ORF1a:T842I,ORF1a:G1307S,ORF1a:L3027F,ORF1a:T3090I,ORF1a:L3201F,ORF1a:T3255I,ORF1a:P3395H,ORF1b:P314L,ORF1b:G662S,ORF1b:S959P,ORF1b:R1315C,ORF1b:I1566V,ORF1b:T2163I,ORF3a:T223I,ORF6:D61L,ORF8:G8*,ORF9b:P10S,S:T19I,S:A27S,S:V83A,S:G142D,S:H146Q,S:Q183E,S:V213E,S:G252V,S:G339H,S:R346T,S:L368I,S:S371F,S:S373P,S:S375F,S:T376A,S:D405N,S:R408S,S:N440K,S:V445P,S:G446S,S:N460K,S:S477N,S:T478K,S:E484A,S:F486S,S:F490S,S:Q498R,S:N501Y,S:Y505H,S:D614G,S:H655Y,S:N679K,S:P681H,S:N764K,S:D796Y,S:Q954H,S:N969K	N:E31-,N:R32-,N:S33-,ORF1a:S3675-,ORF1a:G3676-,ORF1a:F3677-,ORF9b:E27-,ORF9b:N28-,ORF9b:A29-,S:L24-,S:P25-,S:P26-,S:Y144-		29849-29875	K:22813	Charité_RdRp_F:G15451A,Charité_E_F:C26270T;A26275G,ChinaCDC_N_F:G28881A;G28882A;G28883C,USCDC_N1_P:C28311T	89060	2	29875	0.9980603952780658	3000	0	good	27	10	10	good	1	24	0	0	good	8		0	good	0		0		0	0	good		0	0	good	false			
COVID_1334_L1_MN908947.3	22F (Omicron)	XBB.1	XBB.1	22F	Omicron	22F (Omicron)	0	good	87	56	0	0	64	13	0	3	0	7	C241T,A405G,T670G,C2790T,C3037T,G4184A,C4321T,C9344T,A9424G,C9534T,C9866T,C10029T,C10198T,G10447A,C10449A,C12880T,C14408T,G15451A,C15714T,C15738T,T15939C,T16342C,C17410T,T17859C,A18163G,A19326G,C19955T,A20055G,C21618T,T21810C,G21987A,C22000A,C22109G,T22200A,G22317T,G22577C,G22578A,G22599C,C22664A,C22674T,T22679C,C22686T,A22688G,G22775A,A22786C,T22882G,G22895C,T22896C,G22898A,T22942G,G22992A,C22995A,A23013C,T23019C,T23031C,A23055G,A23063T,T23075C,A23403G,C23525T,T23599G,C23604A,C23854A,G23948T,A24424T,T24469A,C25000T,C25416T,C25584T,C26060T,C26270T,A26275G,C26577G,G26709A,C26858T,A27259C,G27382C,A27383T,T27384C,C27807T,G27915T,A28271T,C28311T,G28881A,G28882A,G28883C,A29510C	11288-11296,21633-21641,21992-21994,28362-28370,29734-29759		T22813G			1	0	0	1		E:T9I,E:T11A,M:Q19E,M:A63T,N:P13L,N:R203K,N:G204R,N:S413R,ORF1a:K47R,ORF1a:S135R,ORF1a:T842I,ORF1a:G1307S,ORF1a:L3027F,ORF1a:T3090I,ORF1a:L3201F,ORF1a:T3255I,ORF1a:P3395H,ORF1b:P314L,ORF1b:G662S,ORF1b:S959P,ORF1b:R1315C,ORF1b:I1566V,ORF1b:T2163I,ORF3a:T223I,ORF6:D61L,ORF8:G8*,ORF9b:P10S,S:T19I,S:A27S,S:V83A,S:G142D,S:H146Q,S:Q183E,S:V213E,S:G252V,S:G339H,S:R346T,S:L368I,S:S371F,S:S373P,S:S375F,S:T376A,S:D405N,S:R408S,S:N440K,S:V445P,S:G446S,S:N460K,S:S477N,S:T478K,S:E484A,S:F486S,S:F490S,S:Q498R,S:N501Y,S:Y505H,S:D614G,S:H655Y,S:N679K,S:P681H,S:N764K,S:D796Y,S:Q954H,S:N969K	N:E31-,N:R32-,N:S33-,ORF1a:S3675-,ORF1a:G3676-,ORF1a:F3677-,ORF9b:E27-,ORF9b:N28-,ORF9b:A29-,S:L24-,S:P25-,S:P26-,S:Y144-		3-5		Charité_RdRp_F:G15451A,Charité_E_F:C26270T;A26275G,ChinaCDC_N_F:G28881A;G28882A;G28883C,USCDC_N1_P:C28311T	88951	2	29836	0.9975922148279436	3000	0	good	3	10	0	good	0	24	-2	0	good	6		0	good	0		0		0	0	good		0	0	good	false			
COVID_1330_L1_MN908947.3	22D (Omicron)	BM.1.1.1	BA.2.75.3.1.1.1	22D	Omicron	22D (Omicron)	12.111111	good	88	53	0	0	64	12	0	21	1	7	C241T,G261A,T670G,C2790T,C3037T,C3796T,C3927T,G4184A,C4321T,C4586T,C5183T,C9344T,A9424G,C9534T,C9866T,C10029T,C10198T,G10447A,C10449A,A12444G,C12880T,C14408T,G15451A,C15714T,C17410T,A18163G,G18583A,C19170T,C19884T,C19955T,A20055G,C21618T,T21961C,G21987A,A22001G,T22016C,C22033A,A22190G,T22200G,G22331A,G22577C,G22578A,G22599C,C22674T,T22679C,C22686T,A22688G,G22775A,A22786C,T22882G,G22898A,T22942G,G22992A,C22995A,A23013C,T23019C,T23031C,A23055G,A23063T,T23075C,A23403G,C23525T,T23599G,C23604A,C23854A,G23948T,A24424T,T24469A,C25416T,C25584T,C26060T,C26270T,A26275G,C26577G,G26709A,C26858T,A27259C,G27382C,A27383T,T27384C,C27807T,A28271T,C28311T,G28881A,G28882A,G28883C,A29510C,A29538G	11288-11296,21633-21641,28362-28370,29734-29759		T22813G,T25000C		C19170T,C19884T,T21961C,A29538G	2	0	4	6		E:T9I,E:T11A,M:Q19E,M:A63T,N:P13L,N:R203K,N:G204R,N:S413R,ORF1a:S135R,ORF1a:T842I,ORF1a:S1221L,ORF1a:G1307S,ORF1a:P1640S,ORF1a:L3027F,ORF1a:T3090I,ORF1a:L3201F,ORF1a:T3255I,ORF1a:P3395H,ORF1a:N4060S,ORF1b:P314L,ORF1b:G662S,ORF1b:R1315C,ORF1b:I1566V,ORF1b:V1706I,ORF1b:T2163I,ORF3a:T223I,ORF6:D61L,ORF9b:P10S,S:T19I,S:A27S,S:G142D,S:K147E,S:W152R,S:F157L,S:I210V,S:V213G,S:G257S,S:G339H,S:R346T,S:S371F,S:S373P,S:S375F,S:T376A,S:D405N,S:R408S,S:N440K,S:G446S,S:N460K,S:S477N,S:T478K,S:E484A,S:F486S,S:F490S,S:Q498R,S:N501Y,S:Y505H,S:D614G,S:H655Y,S:N679K,S:P681H,S:N764K,S:D796Y,S:Q954H,S:N969K	N:E31-,N:R32-,N:S33-,ORF1a:S3675-,ORF1a:G3676-,ORF1a:F3677-,ORF9b:E27-,ORF9b:N28-,ORF9b:A29-,S:L24-,S:P25-,S:P26-		29842-29862	Y:25000	Charité_RdRp_F:G15451A,Charité_E_F:C26270T;A26275G,ChinaCDC_N_F:G28881A;G28882A;G28883C,USCDC_N1_P:C28311T	89044	1	29862	0.9978597465137278	3000	0	good	21	10	10	good	1	24	8	33.333333	mediocre	16		0	good	0		0		0	0	good		0	0	good	false			
COVID_1336_L1_MN908947.3	22F (Omicron)	XBB	XBB	22F	Omicron	22F (Omicron)	1717.250000	bad	74	56	0	0	56	13	0	31	31	7	C241T,T670G,C2790T,C3037T,G4184A,C4321T,C9344T,A9424G,C9534T,C9866T,C10029T,C10198T,G10447A,C10449A,C12880T,C14408T,G15451A,C15714T,C17410T,A18163G,C19955T,A20055G,C21618T,T21810C,G21987A,C22000A,C22109G,T22200A,G22577C,G22578A,G22599C,C22674T,T22679C,C22686T,A22688G,G22775A,A22786C,T22882G,G22898A,T22942G,G22992A,C22995A,A23013C,A23055G,A23063T,T23075C,A23403G,C23525T,T23599G,C23604A,C23854A,G23948T,A24424T,T24469A,C25000T,C25416T,C25584T,C26060T,C26270T,A26275G,C26577G,G26709A,C26858T,A27259C,G27382C,A27383T,T27384C,C27807T,A28271T,C28311T,G28881A,G28882A,G28883C,A29510C	11288-11296,21633-21641,21992-21994,28362-28370,29734-29759		G405A,T15738C,C15939T,C16342T,C17859T,G19326A,A22664C,T22813G,C22895G,C22896T,C23019T,C23031T			12	0	0	12		E:T9I,E:T11A,M:Q19E,M:A63T,N:P13L,N:R203K,N:G204R,N:S413R,ORF1a:S135R,ORF1a:T842I,ORF1a:G1307S,ORF1a:L3027F,ORF1a:T3090I,ORF1a:L3201F,ORF1a:T3255I,ORF1a:P3395H,ORF1b:P314L,ORF1b:G662S,ORF1b:R1315C,ORF1b:I1566V,ORF1b:T2163I,ORF3a:T223I,ORF6:D61L,ORF9b:P10S,S:T19I,S:A27S,S:V83A,S:G142D,S:H146Q,S:Q183E,S:V213E,S:G339H,S:R346T,S:S371F,S:S373P,S:S375F,S:T376A,S:D405N,S:R408S,S:N440K,S:G446S,S:N460K,S:S477N,S:T478K,S:E484A,S:Q498R,S:N501Y,S:Y505H,S:D614G,S:H655Y,S:N679K,S:P681H,S:N764K,S:D796Y,S:Q954H,S:N969K	N:E31-,N:R32-,N:S33-,ORF1a:S3675-,ORF1a:G3676-,ORF1a:F3677-,ORF9b:E27-,ORF9b:N28-,ORF9b:A29-,S:L24-,S:P25-,S:P26-,S:Y144-		3-5,29837-29864	Y:10,Y:44,R:285,R:405,K:1836,R:3481,Y:3796,Y:3927,Y:4586,Y:5183,Y:6086,R:12444,Y:15567,Y:15738,Y:15939,Y:16342,Y:17859,R:19326,K:22317,R:22331,M:22664,K:22813,S:22895,Y:22896,Y:23019,Y:23031,W:23283,Y:25587,K:27915,Y:29095,K:29227	Charité_RdRp_F:G15451A,Charité_E_F:C26270T;A26275G,ChinaCDC_N_F:G28881A;G28882A;G28883C,USCDC_N1_P:C28311T	89087	2	29864	0.9965555295455304	3000	0	good	31	10	310	bad	31	24	66	275	bad	74		0	good	0		0		0	0	good		0	0	good	false			
COVID_1338_L1_MN908947.3	22F (Omicron)	XBB.1	XBB.1	22F	Omicron	22F (Omicron)	8.340278	good	87	56	0	0	64	13	0	36	2	7	C241T,A405G,T670G,C2790T,C3037T,G4184A,C4321T,C9344T,A9424G,C9534T,C9866T,C10029T,C10198T,G10447A,C10449A,C12880T,C14408T,G15451A,C15714T,C15738T,T15939C,T16342C,C17410T,T17859C,A18163G,A19326G,C19955T,A20055G,C21618T,T21810C,G21987A,C22000A,C22109G,T22200A,G22317T,T22333C,G22577C,G22578A,G22599C,C22664A,C22674T,T22679C,C22686T,A22688G,G22775A,A22786C,T22882G,G22895C,T22896C,G22898A,T22942G,G22992A,C22995A,A23013C,T23019C,T23031C,A23055G,A23063T,T23075C,A23403G,C23525T,T23599G,C23604A,C23854A,G23948T,A24424T,T24469A,C25416T,C25584T,C26060T,C26270T,A26275G,C26577G,G26709A,C26858T,A27259C,G27382C,A27383T,T27384C,C27807T,G27915T,A28271T,C28311T,G28881A,G28882A,G28883C,A29510C	11288-11296,21633-21641,21992-21994,28362-28370,29734-29759		T22813G,T25000C		T22333C	2	0	1	3		E:T9I,E:T11A,M:Q19E,M:A63T,N:P13L,N:R203K,N:G204R,N:S413R,ORF1a:K47R,ORF1a:S135R,ORF1a:T842I,ORF1a:G1307S,ORF1a:L3027F,ORF1a:T3090I,ORF1a:L3201F,ORF1a:T3255I,ORF1a:P3395H,ORF1b:P314L,ORF1b:G662S,ORF1b:S959P,ORF1b:R1315C,ORF1b:I1566V,ORF1b:T2163I,ORF3a:T223I,ORF6:D61L,ORF8:G8*,ORF9b:P10S,S:T19I,S:A27S,S:V83A,S:G142D,S:H146Q,S:Q183E,S:V213E,S:G252V,S:G339H,S:R346T,S:L368I,S:S371F,S:S373P,S:S375F,S:T376A,S:D405N,S:R408S,S:N440K,S:V445P,S:G446S,S:N460K,S:S477N,S:T478K,S:E484A,S:F486S,S:F490S,S:Q498R,S:N501Y,S:Y505H,S:D614G,S:H655Y,S:N679K,S:P681H,S:N764K,S:D796Y,S:Q954H,S:N969K	N:E31-,N:R32-,N:S33-,ORF1a:S3675-,ORF1a:G3676-,ORF1a:F3677-,ORF9b:E27-,ORF9b:N28-,ORF9b:A29-,S:L24-,S:P25-,S:P26-,S:Y144-		29837-29872	K:22813,Y:25000	Charité_RdRp_F:G15451A,Charité_E_F:C26270T;A26275G,ChinaCDC_N_F:G28881A;G28882A;G28883C,USCDC_N1_P:C28311T	89059	2	29872	0.9976256562886668	3000	0	good	36	10	20	good	2	24	5	20.833333	good	13		0	good	0		0		0	0	good		0	0	good	false			
COVID_1337_L1_MN908947.3	22F (Omicron)	XBB.1	XBB.1	22F	Omicron	22F (Omicron)	4	good	89	56	0	0	65	13	0	191	2	7	C241T,A405G,T670G,C2268T,C2790T,C3037T,G4184A,C4321T,T6469C,C9344T,A9424G,C9534T,C9866T,C10029T,C10198T,G10447A,C10449A,C12880T,C14408T,G15451A,C15714T,C15738T,T15939C,T16342C,C17410T,T17859C,A18163G,A19326G,C19955T,A20055G,C21618T,T21810C,G21987A,C22000A,C22109G,T22200A,G22317T,G22577C,G22578A,G22599C,C22664A,C22674T,T22679C,C22686T,A22688G,G22775A,A22786C,T22882G,G22895C,T22896C,G22898A,T22942G,G22992A,C22995A,A23013C,T23019C,T23031C,A23055G,A23063T,T23075C,A23403G,C23525T,T23599G,C23604A,C23854A,G23948T,A24424T,T24469A,C25000T,C25416T,C25584T,C26060T,C26270T,A26275G,C26577G,G26709A,C26858T,A27259C,G27382C,A27383T,T27384C,C27807T,G27915T,A28271T,C28311T,G28881A,G28882A,G28883C,A29510C	11288-11296,21633-21641,21992-21994,28362-28370,29734-29759		T22813G		C2268T,T6469C	1	0	2	3		E:T9I,E:T11A,M:Q19E,M:A63T,N:P13L,N:R203K,N:G204R,N:S413R,ORF1a:K47R,ORF1a:S135R,ORF1a:A668V,ORF1a:T842I,ORF1a:G1307S,ORF1a:L3027F,ORF1a:T3090I,ORF1a:L3201F,ORF1a:T3255I,ORF1a:P3395H,ORF1b:P314L,ORF1b:G662S,ORF1b:S959P,ORF1b:R1315C,ORF1b:I1566V,ORF1b:T2163I,ORF3a:T223I,ORF6:D61L,ORF8:G8*,ORF9b:P10S,S:T19I,S:A27S,S:V83A,S:G142D,S:H146Q,S:Q183E,S:V213E,S:G252V,S:G339H,S:R346T,S:L368I,S:S371F,S:S373P,S:S375F,S:T376A,S:D405N,S:R408S,S:N440K,S:V445P,S:G446S,S:N460K,S:S477N,S:T478K,S:E484A,S:F486S,S:F490S,S:Q498R,S:N501Y,S:Y505H,S:D614G,S:H655Y,S:N679K,S:P681H,S:N764K,S:D796Y,S:Q954H,S:N969K	N:E31-,N:R32-,N:S33-,ORF1a:S3675-,ORF1a:G3676-,ORF1a:F3677-,ORF9b:E27-,ORF9b:N28-,ORF9b:A29-,S:L24-,S:P25-,S:P26-,S:Y144-		3-54,4520-4658	R:22022,K:22813	Charité_RdRp_F:G15451A,Charité_E_F:C26270T;A26275G,ChinaCDC_N_F:G28881A;G28882A;G28883C,USCDC_N1_P:C28311T	88943	2	29836	0.9912383372905728	3000	0	good	191	10	20	good	2	24	0	0	good	8		0	good	0		0		0	0	good		0	0	good	false			
COVID_1331_L1_MN908947.3	22F (Omicron)	XBB.1	XBB.1	22F	Omicron	22F (Omicron)	4	good	89	56	0	0	65	13	0	20	2	7	C241T,A405G,T670G,C2790T,C3037T,G4184A,C4321T,C9344T,A9424G,C9534T,C9866T,C10029T,C10198T,G10447A,C10449A,C12880T,C14408T,G15451A,C15714T,C15738T,T15939C,T16342C,C17410T,T17859C,A18163G,A19326G,C19955T,A20055G,C21618T,T21810C,G21987A,C22000A,C22109G,T22200A,G22317T,T22333C,G22577C,G22578A,G22599C,C22664A,C22674T,T22679C,C22686T,A22688G,G22775A,A22786C,T22882G,G22895C,T22896C,G22898A,T22942G,G22992A,C22995A,A23013C,T23019C,T23031C,A23055G,A23063T,T23075C,A23403G,C23525T,T23599G,C23604A,C23854A,G23948T,A24424T,T24469A,C25000T,C25416T,C25584T,C26060T,C26270T,A26275G,C26577G,G26709A,C26858T,A27259C,G27382C,A27383T,T27384C,C27807T,C27847T,G27915T,A28271T,C28311T,G28881A,G28882A,G28883C,A29510C	11288-11296,21633-21641,21992-21994,28362-28370,29734-29759		T22813G		T22333C,C27847T	1	0	2	3		E:T9I,E:T11A,M:Q19E,M:A63T,N:P13L,N:R203K,N:G204R,N:S413R,ORF1a:K47R,ORF1a:S135R,ORF1a:T842I,ORF1a:G1307S,ORF1a:L3027F,ORF1a:T3090I,ORF1a:L3201F,ORF1a:T3255I,ORF1a:P3395H,ORF1b:P314L,ORF1b:G662S,ORF1b:S959P,ORF1b:R1315C,ORF1b:I1566V,ORF1b:T2163I,ORF3a:T223I,ORF6:D61L,ORF7b:S31L,ORF8:G8*,ORF9b:P10S,S:T19I,S:A27S,S:V83A,S:G142D,S:H146Q,S:Q183E,S:V213E,S:G252V,S:G339H,S:R346T,S:L368I,S:S371F,S:S373P,S:S375F,S:T376A,S:D405N,S:R408S,S:N440K,S:V445P,S:G446S,S:N460K,S:S477N,S:T478K,S:E484A,S:F486S,S:F490S,S:Q498R,S:N501Y,S:Y505H,S:D614G,S:H655Y,S:N679K,S:P681H,S:N764K,S:D796Y,S:Q954H,S:N969K	N:E31-,N:R32-,N:S33-,ORF1a:S3675-,ORF1a:G3676-,ORF1a:F3677-,ORF9b:E27-,ORF9b:N28-,ORF9b:A29-,S:L24-,S:P25-,S:P26-,S:Y144-		4-12,29837-29847	Y:44,K:22813	Charité_RdRp_F:G15451A,Charité_E_F:C26270T;A26275G,ChinaCDC_N_F:G28881A;G28882A;G28883C,USCDC_N1_P:C28311T	88973	3	29847	0.9972912416814368	3000	0	good	20	10	20	good	2	24	0	0	good	8		0	good	0		0		0	0	good		0	0	good	false			
COVID_1342_L1_MN908947.3	22F (Omicron)	XBB.1	XBB.1	22F	Omicron	22F (Omicron)	1	good	87	62	0	0	64	15	0	49	1	7	C241T,A405G,T670G,C2790T,C3037T,G4184A,C4321T,C9344T,A9424G,C9534T,C9866T,C10029T,C10198T,G10447A,C10449A,C12880T,C14408T,G15451A,C15714T,C15738T,T15939C,T16342C,C17410T,T17859C,A18163G,A19326G,C19955T,A20055G,C21618T,T21810C,G21987A,C22000A,C22109G,T22200A,G22317T,G22577C,G22578A,G22599C,C22664A,C22674T,T22679C,C22686T,A22688G,G22775A,A22786C,T22882G,G22895C,T22896C,G22898A,T22942G,G22992A,C22995A,A23013C,T23019C,T23031C,A23055G,A23063T,T23075C,A23403G,C23525T,T23599G,C23604A,C23854A,G23948T,A24424T,T24469A,C25000T,C25416T,C25584T,C26060T,C26270T,A26275G,C26577G,G26709A,C26858T,A27259C,G27382C,A27383T,T27384C,C27807T,G27915T,A28271T,C28311T,G28881A,G28882A,G28883C,A29510C	11288-11296,21633-21641,21765-21770,21992-21994,28362-28370,29734-29759		T22813G			1	0	0	1		E:T9I,E:T11A,M:Q19E,M:A63T,N:P13L,N:R203K,N:G204R,N:S413R,ORF1a:K47R,ORF1a:S135R,ORF1a:T842I,ORF1a:G1307S,ORF1a:L3027F,ORF1a:T3090I,ORF1a:L3201F,ORF1a:T3255I,ORF1a:P3395H,ORF1b:P314L,ORF1b:G662S,ORF1b:S959P,ORF1b:R1315C,ORF1b:I1566V,ORF1b:T2163I,ORF3a:T223I,ORF6:D61L,ORF8:G8*,ORF9b:P10S,S:T19I,S:A27S,S:V83A,S:G142D,S:H146Q,S:Q183E,S:V213E,S:G252V,S:G339H,S:R346T,S:L368I,S:S371F,S:S373P,S:S375F,S:T376A,S:D405N,S:R408S,S:N440K,S:V445P,S:G446S,S:N460K,S:S477N,S:T478K,S:E484A,S:F486S,S:F490S,S:Q498R,S:N501Y,S:Y505H,S:D614G,S:H655Y,S:N679K,S:P681H,S:N764K,S:D796Y,S:Q954H,S:N969K	N:E31-,N:R32-,N:S33-,ORF1a:S3675-,ORF1a:G3676-,ORF1a:F3677-,ORF9b:E27-,ORF9b:N28-,ORF9b:A29-,S:L24-,S:P25-,S:P26-,S:H69-,S:V70-,S:Y144-		6-54	K:22813	Charité_RdRp_F:G15451A,Charité_E_F:C26270T;A26275G,ChinaCDC_N_F:G28881A;G28882A;G28883C,USCDC_N1_P:C28311T	88916	5	29836	0.9959201417917934	3000	0	good	49	10	10	good	1	24	-1	0	good	7		0	good	0		0		0	0	good		0	0	good	false			
COVID_1339_L1_MN908947.3	22F (Omicron)	XBB.1	XBB.1	22F	Omicron	22F (Omicron)	1	good	89	56	0	0	65	13	0	7	1	7	C241T,A405G,T670G,C2790T,C3037T,G4184A,C4321T,T5035C,C9344T,A9424G,C9534T,C9866T,C10029T,C10198T,G10447A,C10449A,C12880T,C14408T,G15451A,C15714T,C15738T,T15939C,T16342C,C17410T,T17859C,A18163G,A19326G,C19955T,A20055G,C21618T,T21810C,G21987A,C22000A,C22109G,T22200A,G22317T,G22577C,G22578A,G22599C,C22664A,C22674T,T22679C,C22686T,A22688G,G22775A,A22786C,T22882G,G22895C,T22896C,G22898A,T22942G,G22992A,C22995A,A23013C,T23019C,T23031C,A23055G,A23063T,T23075C,A23403G,C23525T,T23599G,C23604A,C23854A,G23948T,A24424T,T24469A,C25000T,C25416T,C25584T,C26060T,C26270T,A26275G,C26577G,G26709A,C26858T,A27259C,G27382C,A27383T,T27384C,C27807T,G27915T,A28271T,C28311T,G28881A,G28882A,G28883C,A29510C,G29513T	11288-11296,21633-21641,21992-21994,28362-28370,29734-29759		T22813G		T5035C,G29513T	1	0	2	3		E:T9I,E:T11A,M:Q19E,M:A63T,N:P13L,N:R203K,N:G204R,N:S413R,N:A414S,ORF1a:K47R,ORF1a:S135R,ORF1a:T842I,ORF1a:G1307S,ORF1a:L3027F,ORF1a:T3090I,ORF1a:L3201F,ORF1a:T3255I,ORF1a:P3395H,ORF1b:P314L,ORF1b:G662S,ORF1b:S959P,ORF1b:R1315C,ORF1b:I1566V,ORF1b:T2163I,ORF3a:T223I,ORF6:D61L,ORF8:G8*,ORF9b:P10S,S:T19I,S:A27S,S:V83A,S:G142D,S:H146Q,S:Q183E,S:V213E,S:G252V,S:G339H,S:R346T,S:L368I,S:S371F,S:S373P,S:S375F,S:T376A,S:D405N,S:R408S,S:N440K,S:V445P,S:G446S,S:N460K,S:S477N,S:T478K,S:E484A,S:F486S,S:F490S,S:Q498R,S:N501Y,S:Y505H,S:D614G,S:H655Y,S:N679K,S:P681H,S:N764K,S:D796Y,S:Q954H,S:N969K	N:E31-,N:R32-,N:S33-,ORF1a:S3675-,ORF1a:G3676-,ORF1a:F3677-,ORF9b:E27-,ORF9b:N28-,ORF9b:A29-,S:L24-,S:P25-,S:P26-,S:Y144-		29837-29843	K:22813	Charité_RdRp_F:G15451A,Charité_E_F:C26270T;A26275G,ChinaCDC_N_F:G28881A;G28882A;G28883C,USCDC_N1_P:C28311T	88808	54	29843	0.9959201417917934	3000	0	good	7	10	10	good	1	24	0	0	good	8		0	good	0		0		0	0	good		0	0	good	false			
COVID_1332_L1_MN908947.3	22D (Omicron)	BM.4.1.1	BA.2.75.3.4.1.1	22D	Omicron	22D (Omicron)	1.173611	good	86	53	0	0	64	12	0	232	1	7	C241T,T670G,C2790T,C3037T,C3796T,C3857A,C3927T,G4184A,C4321T,C4586T,C5183T,C9344T,A9424G,C9534T,C9866T,C10029T,C10198T,G10447A,C10449A,C10456T,A12444G,C12880T,C14408T,G15451A,C15714T,C17410T,A18163G,G18583A,C19955T,A20055G,C21618T,A22001G,T22016C,C22033A,A22190G,T22200G,G22331A,G22577C,G22578A,G22599C,C22674T,T22679C,C22686T,A22688G,G22775A,A22786C,T22882G,G22898A,T22942G,G22992A,C22995A,A23013C,T23019C,A23055G,A23063T,T23075C,A23403G,C23525T,T23599G,C23604A,C23854A,G23948T,A24424T,T24469A,C24616T,C25000T,C25416T,C25584T,C25771T,C26060T,C26270T,A26275G,C26577G,G26709A,C26858T,A27259C,G27382C,A27383T,T27384C,C27807T,A28271T,C28311T,G28881A,G28882A,G28883C,A29510C	11288-11296,21633-21641,28362-28370,29734-29759		T22813G		C10456T,C24616T,C25771T	1	0	3	4		E:T9I,E:T11A,M:Q19E,M:A63T,N:P13L,N:R203K,N:G204R,N:S413R,ORF1a:S135R,ORF1a:T842I,ORF1a:Q1198K,ORF1a:S1221L,ORF1a:G1307S,ORF1a:P1640S,ORF1a:L3027F,ORF1a:T3090I,ORF1a:L3201F,ORF1a:T3255I,ORF1a:P3395H,ORF1a:N4060S,ORF1b:P314L,ORF1b:G662S,ORF1b:R1315C,ORF1b:I1566V,ORF1b:V1706I,ORF1b:T2163I,ORF3a:L127F,ORF3a:T223I,ORF6:D61L,ORF9b:P10S,S:T19I,S:A27S,S:K147E,S:W152R,S:F157L,S:I210V,S:V213G,S:G257S,S:G339H,S:R346T,S:S371F,S:S373P,S:S375F,S:T376A,S:D405N,S:R408S,S:N440K,S:G446S,S:N460K,S:S477N,S:T478K,S:E484A,S:F486S,S:Q498R,S:N501Y,S:Y505H,S:D614G,S:H655Y,S:N679K,S:P681H,S:N764K,S:D796Y,S:Q954H,S:N969K	N:E31-,N:R32-,N:S33-,ORF1a:S3675-,ORF1a:G3676-,ORF1a:F3677-,ORF9b:E27-,ORF9b:N28-,ORF9b:A29-,S:L24-,S:P25-,S:P26-		3,10147-10171,10285-10316,21819-21858,21868-21990,29837-29847	K:22813	Charité_RdRp_F:G15451A,Charité_E_F:C26270T;A26275G,ChinaCDC_N_F:G28881A;G28882A;G28883C,USCDC_N1_P:C28311T	89004	2	29847	0.9902685349296058	3000	0	good	232	10	10	good	1	24	1	4.166667	good	9		0	good	0		0		0	0	good		0	0	good	false			
